Name,M,S,E,Average,Result
Bob,98,87,76,87.0,Pass
Charlie,91,97,72,86.66666666666667,Pass
Alice,90,89,77,85.33333333333333,Pass
